id,status,province,district,tehsil,city,problem
0018786f-c464-464b-ac57-fd72ad0a4494,draft,Khyber Pakhtunkhwa,Buner,Gadazai,Kalakhela,Tehsil does not belong to the selected district in built-in dataset
0099ffdf-25da-4eef-beca-a9b12425a067,reviewer_approved,Punjab,Chakwal,Lawa,Lawa,Tehsil does not belong to the selected district in built-in dataset
00d94067-3e51-406c-82a1-c2ad308f9458,draft,Khyber Pakhtunkhwa,Buner,Gadazai,Pirbaba village kala khela,Tehsil does not belong to the selected district in built-in dataset
0102e519-2edf-4b13-b36e-68d2cfc4e7e1,draft,Khyber Pakhtunkhwa,Peshawar,Peshawar,Peshawar,Tehsil does not belong to the selected district in built-in dataset
0718627e-9f08-4970-9fef-283cbe9d20a0,draft,Punjab,Chakwal,Talagang,سگھر,Tehsil does not belong to the selected district in built-in dataset
071e7958-8591-44e8-83f8-fe6af9b7ac39,draft,Khyber Pakhtunkhwa,Shangla,مارتونگ، پورن,گاؤں دانکول,Tehsil does not belong to the selected district in built-in dataset
07eea35d-09bf-41f6-a482-5bdb8bf65c4a,draft,Sindh,Malir Karachi,ابراھیم حیدری ٹاون,کراچی,Tehsil does not belong to the selected district in built-in dataset
080b3561-b60b-4214-8e2b-3580c34e2463,draft,Punjab,Attock,s,Shahder,Tehsil does not belong to the selected district in built-in dataset
087e2c83-52c4-4d35-85f4-1ccadbd274c1,draft,Khyber Pakhtunkhwa,Buner,Gadezai,Kinger Galay Kalay,Tehsil does not belong to the selected district in built-in dataset
0b80326c-7e8b-47d9-9db1-6c85ee9008db,draft,Khyber Pakhtunkhwa,Swat,مٹہ,شور,Tehsil does not belong to the selected district in built-in dataset
0d3496c6-ef93-48b7-a45a-9eb1e31f009a,draft,Sindh,Khairpur,ٹھری میرواھ,چہوٹی ٹہری,Tehsil does not belong to the selected district in built-in dataset
0e864c6a-a174-4f8c-a19b-5bb988d8022c,draft,Sindh,West Karachi,Baldia town,Raseedabad baldia town,Tehsil does not belong to the selected district in built-in dataset
0eb0c9ba-2ca4-43fa-93d9-45064b3c2afd,draft,Khyber Pakhtunkhwa,Buner,Gadezai,Pir Baba,Tehsil does not belong to the selected district in built-in dataset
106a8a04-f874-487c-b139-2f808523feab,supervisor_approved,Khyber Pakhtunkhwa,Buner,"Gadezai, Daggar",salarzi,Tehsil does not belong to the selected district in built-in dataset
115c48f8-2fb8-4a2e-835a-7e3641d2c1b6,draft,Khyber Pakhtunkhwa,Buner,"Gadezai, Daggar",Buner,Tehsil does not belong to the selected district in built-in dataset
12ae57db-9299-4266-9143-db2977d63d93,draft,Punjab,Chakwal,Talagang,Dhulli,Tehsil does not belong to the selected district in built-in dataset
12efaa2d-7842-444e-be86-19a6c73e17b2,draft,Sindh,Sanghar,مٹھو کھوسو,ٹنڈو آدم,Tehsil does not belong to the selected district in built-in dataset
14ac2705-ef01-41ef-bf39-c5ceff6f51d6,draft,Khyber Pakhtunkhwa,Shangla,مارتونگ، پورن,گاؤں دانکول,Tehsil does not belong to the selected district in built-in dataset
159b1ce9-978d-44ed-b7d5-0a17d8628655,admin_approved,Khyber Pakhtunkhwa,Buner,gadezi,salarzai,Tehsil does not belong to the selected district in built-in dataset
16e6b634-b9bd-4a87-9242-286d0df4ced6,needs_correction,Khyber Pakhtunkhwa,Buner,Gadazai,Pir Baba,Tehsil does not belong to the selected district in built-in dataset
17200789-ad47-49e8-af16-13fcda947c7e,draft,Khyber Pakhtunkhwa,Buner,Gadazai,Kalabut,Tehsil does not belong to the selected district in built-in dataset
179e5617-c508-4666-bbb5-04ebb1d5c694,draft,Khyber Pakhtunkhwa,Buner,Gadezai,Pir Baba,Tehsil does not belong to the selected district in built-in dataset
1a9ff56b-ae75-444a-945a-a4bbef4b57fd,submitted,Khyber Pakhtunkhwa,Buner,گدیزی,کنگرگلئ,Tehsil does not belong to the selected district in built-in dataset
1dfe90b2-3ad8-4fa9-9383-c27cea68c307,draft,Khyber Pakhtunkhwa,Chitral Upper,Torkhow mulkhow,Oweer,Tehsil does not belong to the selected district in built-in dataset
21286c8b-c54f-43e8-8f06-91c05ccaab64,supervisor_approved,Khyber Pakhtunkhwa,Buner,gadezi,salarzai,Tehsil does not belong to the selected district in built-in dataset
216db283-29be-4a7a-87cd-bf2497dd7204,draft,Punjab,Chakwal,لاوہ,لیٹی,Tehsil does not belong to the selected district in built-in dataset
21acccf4-cffa-4284-a986-702c4e4c8da1,reviewer_approved,Sindh,East Karachi,Korangi Town,Gulzar colony,Tehsil does not belong to the selected district in built-in dataset
23a8d663-d99f-4632-be19-33c7261c1b85,draft,Khyber Pakhtunkhwa,Buner,Gadezai,Malakpur,Tehsil does not belong to the selected district in built-in dataset
24c02e7c-9c18-4efe-99d9-1eae4d55072c,draft,Khyber Pakhtunkhwa,Chitral Upper,Torkhow mulkhow,Oweer,Tehsil does not belong to the selected district in built-in dataset
255d863b-bf84-4165-86e1-7b12f25f236f,supervisor_approved,Khyber Pakhtunkhwa,Swat,مٹہ,مٹہ,Tehsil does not belong to the selected district in built-in dataset
25729dd8-4ebf-4c7d-9225-f2bfaa10e5bd,supervisor_approved,Khyber Pakhtunkhwa,Swat,مٹہ,مٹہ,Tehsil does not belong to the selected district in built-in dataset
2997eee1-3037-4953-a80c-f2374622b9ba,draft,Sindh,South Karachi,Karachi,Karachi,Tehsil does not belong to the selected district in built-in dataset
2aa84540-dd63-4d9d-8dc1-e27be571a5df,draft,Khyber Pakhtunkhwa,Bajaur,barang,bajaur,Tehsil does not belong to the selected district in built-in dataset
2c55ef92-55e9-4551-a7a5-039a1fc56ff2,draft,Punjab,Chakwal,Talagang,Jhatla,Tehsil does not belong to the selected district in built-in dataset
2daf7453-0f5a-40de-937d-435062da89c2,draft,Punjab,Chakwal,Talagang,Chinji,Tehsil does not belong to the selected district in built-in dataset
2e1fa6ed-bb26-4e67-835d-a03d8dc50af2,admin_approved,Sindh,East Karachi,Korangi Town,Gulzar colony,Tehsil does not belong to the selected district in built-in dataset
2e98a135-3fb3-4136-9fb4-552f6018cce5,draft,Khyber Pakhtunkhwa,Buner,Gadazai,Kala khela po pirbaba buner,Tehsil does not belong to the selected district in built-in dataset
2eb53d65-5163-4d22-b907-77caeea74e85,draft,Khyber Pakhtunkhwa,Malakand,بٹ خیلہ,چارسدہ,Tehsil does not belong to the selected district in built-in dataset
2f240dea-4eb6-4cfb-8fe1-4bbcde59aa5e,draft,Khyber Pakhtunkhwa,Shangla,مارتونگ، پورن,گاؤں دانکول,Tehsil does not belong to the selected district in built-in dataset
319e1412-18b5-471f-9e86-c68e461729e2,draft,Khyber Pakhtunkhwa,Buner,Gadezai,Pir Baba,Tehsil does not belong to the selected district in built-in dataset
31ac396c-849d-4314-ae95-4a72d704f01a,draft,Khyber Pakhtunkhwa,Buner,Gadezai,Buner,Tehsil does not belong to the selected district in built-in dataset
348ca901-c1bb-459a-9fa1-7f057249ad0b,draft,Khyber Pakhtunkhwa,Chitral Upper,Mulkhow torkhow,Oweer,Tehsil does not belong to the selected district in built-in dataset
396b8989-ac20-437b-b329-c92568087cd4,admin_approved,Khyber Pakhtunkhwa,Buner,gadezi,salarzai,Tehsil does not belong to the selected district in built-in dataset
39f671a2-8738-4645-9189-0a4a0df75ddd,draft,Khyber Pakhtunkhwa,Buner,Gadazai,Kinger Galay Kalay,Tehsil does not belong to the selected district in built-in dataset
3b795577-3c20-4d32-b838-79d9457e4bee,draft,Khyber Pakhtunkhwa,Buner,Gadezai,Buner,Tehsil does not belong to the selected district in built-in dataset
3b938a40-6b92-4988-a80e-4fa50d6273d9,needs_correction,Khyber Pakhtunkhwa,Hangu,اپر,Hangu,Tehsil does not belong to the selected district in built-in dataset
3d06226b-0802-4177-9d95-5db42c18399a,draft,Khyber Pakhtunkhwa,Chitral Upper,Mulkhow torkhow,Oweer,Tehsil does not belong to the selected district in built-in dataset
3d0a187a-c336-425d-b28b-7d1fbd18c145,draft,Khyber Pakhtunkhwa,Abbottabad,Hazara,Manshra,Tehsil does not belong to the selected district in built-in dataset
3e2b425d-22d3-461d-8751-959fcef19cf0,draft,Khyber Pakhtunkhwa,Swat,مٹہ,شور,Tehsil does not belong to the selected district in built-in dataset
3efb5de4-3ae4-4059-8c36-c7502957f0e9,draft,Sindh,Sanghar,مٹھو کھوسو,ٹنڈو آدم,Tehsil does not belong to the selected district in built-in dataset
4184a8f7-df5a-48e1-88a5-14ed7117027f,draft,Punjab,Chakwal,Talagang,Kotehra near chingi,Tehsil does not belong to the selected district in built-in dataset
4380cb2b-3fc5-41af-b8a6-afb77c769cfb,draft,Punjab,Chakwal,Talagang,Mehmoodwala,Tehsil does not belong to the selected district in built-in dataset
44692816-dc85-4964-8b07-9f0c52c3c119,draft,Khyber Pakhtunkhwa,Swat,مٹہ,شور,Tehsil does not belong to the selected district in built-in dataset
447debe9-9d46-42a0-b1b0-10e316dbb76a,draft,Punjab,Chakwal,Talagang,village Pira jangla,Tehsil does not belong to the selected district in built-in dataset
472ca918-701d-48c9-9198-8d6ddca82265,draft,Punjab,Chakwal,Talagang,Village Jhatla,Tehsil does not belong to the selected district in built-in dataset
480d7efb-7992-4eb5-bc87-b31a644d049b,submitted,Punjab,Rawalpindi,ٹیکسلا,واہ فیکٹری ٹیکسلا,Tehsil does not belong to the selected district in built-in dataset
4861d4f3-f3a6-49d9-b047-dc89f337add1,draft,Khyber Pakhtunkhwa,Buner,Gadezi,Buner,Tehsil does not belong to the selected district in built-in dataset
4937ba60-153c-4e5c-b8b2-551a0ad6ac38,admin_approved,Punjab,Chakwal,Lawa,Lawa,Tehsil does not belong to the selected district in built-in dataset
49f5bdcf-8ee2-4551-af14-91bdfc784dd6,draft,Punjab,Chakwal,Talagang,Mehmoodwala,Tehsil does not belong to the selected district in built-in dataset
4a72eb00-6c8e-426d-bc93-dbee6de44dd4,draft,Punjab,Chakwal,لاوہ,پچنند,Tehsil does not belong to the selected district in built-in dataset
4af2d104-77ed-4fa0-9cbf-7a7579871291,draft,Sindh,Central Karachi,Korangi Town,کراچی,Tehsil does not belong to the selected district in built-in dataset
4b8ac0a8-89f7-46c6-b10e-c1946e316de1,draft,Khyber Pakhtunkhwa,Buner,Gadezai Salarzai,Jowar,Tehsil does not belong to the selected district in built-in dataset
4cf1455e-299d-49e5-beb6-b08977d6f507,draft,Khyber Pakhtunkhwa,Buner,Gadezai,Kinger Galay Kalay,Tehsil does not belong to the selected district in built-in dataset
4e18c32f-06cc-45e1-afd5-3695a9cdb674,draft,Khyber Pakhtunkhwa,Chitral Upper,Mulkhow torkhow,Oweer,Tehsil does not belong to the selected district in built-in dataset
4e929dd6-0ec4-46a8-b365-176800fcbb44,draft,Punjab,Chakwal,Talagang,Saghar,Tehsil does not belong to the selected district in built-in dataset
4fb7bc7a-b28f-4f14-b5ed-92b20261806e,draft,Khyber Pakhtunkhwa,Buner,Gadazai,Dokada,Tehsil does not belong to the selected district in built-in dataset
505235de-a7a5-4b8d-ba23-c9205df2545f,needs_correction,Khyber Pakhtunkhwa,Buner,gadezi,pir baba,Tehsil does not belong to the selected district in built-in dataset
5163734e-2017-4fa0-8dc9-0c28cf4cae73,draft,Khyber Pakhtunkhwa,Chitral Upper,Mulkhow torkhow,Oweer,Tehsil does not belong to the selected district in built-in dataset
5345c253-3e79-4195-b2cf-76280ef11ac6,draft,Khyber Pakhtunkhwa,Buner,Gadazai,Dokada,Tehsil does not belong to the selected district in built-in dataset
5403c56d-9019-48fc-8d0b-768444cfd8bb,draft,Khyber Pakhtunkhwa,Buner,Gadazai,Kalakhela,Tehsil does not belong to the selected district in built-in dataset
54855e6c-7610-4faf-b5c6-ee089bfb849e,draft,Khyber Pakhtunkhwa,Buner,Gadazai,Kinger Galay Kalay,Tehsil does not belong to the selected district in built-in dataset
569e6653-d0fe-44c2-aa79-a61a125074d1,draft,Khyber Pakhtunkhwa,Buner,Gadezai,Pirbaba village kala khela,Tehsil does not belong to the selected district in built-in dataset
56e3997a-6596-49c3-aa3c-c46a1bd6bcb9,reviewer_approved,Khyber Pakhtunkhwa,Hangu,اپر,Hangu,Tehsil does not belong to the selected district in built-in dataset
57dadbfd-f875-4b5a-ae8f-e65e0fe24bcd,supervisor_approved,Punjab,Chakwal,Talagang,THOHA MEHRAM KHAN,Tehsil does not belong to the selected district in built-in dataset
593e308c-6f64-4015-a8aa-6af7b28ad857,draft,Punjab,Chakwal,Talagang,کوٹہڑہ نزد چینجی,Tehsil does not belong to the selected district in built-in dataset
5df07fae-7e62-4ec1-a01a-a48761146088,admin_approved,Sindh,East Karachi,Korangi Town,Bilal colony,Tehsil does not belong to the selected district in built-in dataset
5f1c6836-1ce9-409b-a383-d68c704aa53e,draft,Khyber Pakhtunkhwa,Buner,Gadezai,Kinger Galay Kalay,Tehsil does not belong to the selected district in built-in dataset
5faa49cb-734c-41f6-96c5-2033385c4afd,draft,Khyber Pakhtunkhwa,Buner,Gadezai,Jowar,Tehsil does not belong to the selected district in built-in dataset
6048fd27-b267-433d-8cdb-d78c28473151,draft,Sindh,East Karachi,Korangi Town,شہر,Tehsil does not belong to the selected district in built-in dataset
622f6ef8-602c-4edb-a244-7988de960a10,draft,Khyber Pakhtunkhwa,Chitral Upper,Torkhow mulkhow,Oweer,Tehsil does not belong to the selected district in built-in dataset
63ffcc10-e184-4e61-adf3-a80d08f0e662,submitted,Gilgit Baltistan,Ghizer,Poniyal,Sher qilla,Tehsil does not belong to the selected district in built-in dataset
642a74f4-c33b-499b-a491-8ee0d3dd41a9,reviewer_approved,Khyber Pakhtunkhwa,Buner,gadezi,salazai,Tehsil does not belong to the selected district in built-in dataset
6468f759-9ad7-4a45-8593-098a5c898327,draft,Khyber Pakhtunkhwa,Buner,Gadazai,Pirbaba,Tehsil does not belong to the selected district in built-in dataset
647f6dad-0b8b-45d6-a75b-a9214b73706a,draft,Punjab,Chakwal,Talagang,سگھر,Tehsil does not belong to the selected district in built-in dataset
64c9ee10-20d2-4593-aa5b-8e3073253a26,draft,Punjab,Chakwal,Lawa,پچنند,Tehsil does not belong to the selected district in built-in dataset
65860e62-67c3-472f-b5eb-aec3af6ba105,draft,Sindh,Central Karachi,West,Kemari,Tehsil does not belong to the selected district in built-in dataset
668d0e64-35a5-435a-bf39-19fe2b60ec95,draft,Khyber Pakhtunkhwa,Buner,Gadezai,Pir Baba,Tehsil does not belong to the selected district in built-in dataset
66bb6a75-0f66-46f3-8c35-35438a43e22e,draft,Khyber Pakhtunkhwa,Buner,Gadezai,Pir baba,Tehsil does not belong to the selected district in built-in dataset
68a7a0f9-493b-4a94-ab38-9ee3f4e5bbbd,draft,Khyber Pakhtunkhwa,Buner,گدیزی,کلابٹ,Tehsil does not belong to the selected district in built-in dataset
6949b741-c351-4f99-9103-f32b214ecf8f,reviewer_approved,Punjab,Chakwal,Talagang,کوٹہڑہ نزد چینجی,Tehsil does not belong to the selected district in built-in dataset
6a2cb2a5-8680-4a67-91fa-bb2dc8dc984b,draft,Punjab,Chakwal,Talagang,City,Tehsil does not belong to the selected district in built-in dataset
6caa6cc4-15bb-4474-b497-30e22fbc9bd0,draft,Khyber Pakhtunkhwa,Buner,Gadezai,pir baba,Tehsil does not belong to the selected district in built-in dataset
6d95d3af-02a7-4ac0-a224-7ccf5c64a7b0,supervisor_approved,Khyber Pakhtunkhwa,Swat,مٹہ,مٹہ,Tehsil does not belong to the selected district in built-in dataset
6e947cdf-a48c-4cb8-ba09-9d808241d078,draft,Sindh,Korangi Karachi,Karachi sub-division,Korangi town,Tehsil does not belong to the selected district in built-in dataset
70b4b0f7-f2a7-4248-879f-16fbf8052390,draft,Khyber Pakhtunkhwa,Buner,Gadezai,Kinger Galay Kalay,Tehsil does not belong to the selected district in built-in dataset
7382dbe8-4ddb-4fa9-922e-08deb27c47cd,draft,Khyber Pakhtunkhwa,Buner,Gadazai,Bhaikalay po pirbaba buner,Tehsil does not belong to the selected district in built-in dataset
745efedc-dfc6-4ce4-b958-df53d6a790d7,needs_correction,Punjab,Chakwal,Lawa,Dhurnal,Tehsil does not belong to the selected district in built-in dataset
76046ef3-d211-4d74-b675-827b684f0173,draft,Khyber Pakhtunkhwa,Chitral Upper,Mulkhow torkhow,oweer,Tehsil does not belong to the selected district in built-in dataset
76e38a78-b784-4d77-af18-3176c1645b49,draft,Khyber Pakhtunkhwa,Buner,gadezi,Malkpur,Tehsil does not belong to the selected district in built-in dataset
773a5470-5f37-4070-a2c9-c436ca69e297,draft,Sindh,Malir Karachi,پاکستان,عبداللہ گوٹھ بن قاسم ٹاؤن کراچی,Tehsil does not belong to the selected district in built-in dataset
77c7e2d0-e8c6-477e-84e1-0b53fd06a70f,draft,Khyber Pakhtunkhwa,Shangla,مارتونگ، پورن,گاؤں دانکول,Tehsil does not belong to the selected district in built-in dataset
7855d6e2-5993-49df-811f-7a83a34619f3,needs_correction,Sindh,South Karachi,کراچی,کراچی,Tehsil does not belong to the selected district in built-in dataset
788b0559-7a85-419d-b0c4-5f228e990a3c,draft,Khyber Pakhtunkhwa,Buner,Gadezai,Kinger Galay Kalay,Tehsil does not belong to the selected district in built-in dataset
78984484-fd1b-458e-a85e-f1dcf63d002e,draft,Khyber Pakhtunkhwa,Swabi,Lahore City,صوابی,Tehsil does not belong to the selected district in built-in dataset
790d394c-24bd-4209-8ad4-5d93550b8358,admin_approved,Sindh,East Karachi,Korangi Town,Bilal colony,Tehsil does not belong to the selected district in built-in dataset
7b5f05fc-05d7-4a13-9423-db2292184cac,draft,Khyber Pakhtunkhwa,Buner,Gadezai,Pir baba,Tehsil does not belong to the selected district in built-in dataset
7d35dbda-8a8f-4db0-b928-900d1017cd54,draft,Punjab,Chakwal,Talagang,سگھر,Tehsil does not belong to the selected district in built-in dataset
7da6eb11-819f-4b8b-b35b-e4648b4ef7bc,draft,Khyber Pakhtunkhwa,Buner,"Gadezai, Daggar",Buner,Tehsil does not belong to the selected district in built-in dataset
7dbb6844-65f1-4b66-80ee-bbbebfe2f652,draft,Khyber Pakhtunkhwa,Swat,Matta,Aghal,Tehsil does not belong to the selected district in built-in dataset
7dc7d20a-7f62-4429-9688-dfafdb3b7fab,submitted,Khyber Pakhtunkhwa,Lower Dir,LAL QALA,MANIAL,Tehsil does not belong to the selected district in built-in dataset
7e6d5a0a-1eaf-4cd7-a94b-6777349b357d,draft,Khyber Pakhtunkhwa,Buner,گدیزی,کنگرگلئ,Tehsil does not belong to the selected district in built-in dataset
7efab2c5-3833-4b0d-af39-342b544486fa,draft,Punjab,Chakwal,لاوہ,"Pachnand, Talagang",Tehsil does not belong to the selected district in built-in dataset
81eb82dc-d324-45fc-8e76-3744c541b670,draft,Khyber Pakhtunkhwa,Buner,Gadazai,Pirbaba village kala khela,Tehsil does not belong to the selected district in built-in dataset
823dacc0-a733-4fc6-bccb-f7cf98149c96,draft,Khyber Pakhtunkhwa,Buner,Gadazai,Kinger Galay Kalay,Tehsil does not belong to the selected district in built-in dataset
827dd7f2-3d30-4c99-98fd-33f8ca996aa6,draft,Khyber Pakhtunkhwa,Buner,Gadezai,پیربابا,Tehsil does not belong to the selected district in built-in dataset
8374c54d-d682-411b-b2cc-4ff9b2738296,draft,Khyber Pakhtunkhwa,Buner,Gadazai,Kalabut,Tehsil does not belong to the selected district in built-in dataset
83c06b6a-1471-4c69-86ab-5989a9398b72,draft,Khyber Pakhtunkhwa,Buner,Gadezai,Pir Baba,Tehsil does not belong to the selected district in built-in dataset
840efcca-23d1-42e8-a565-9f6e85b09ef7,draft,Sindh,Central Karachi,Korangi Town,کراچی,Tehsil does not belong to the selected district in built-in dataset
86501ee7-8406-444d-887d-aba3ce23078c,draft,Punjab,Chakwal,Talagang,Rawalpindi,Tehsil does not belong to the selected district in built-in dataset
8be062f1-c22d-42ee-97cb-24ba8d77e666,draft,Khyber Pakhtunkhwa,Buner,Gadazai,Kala khela po pirbaba buner,Tehsil does not belong to the selected district in built-in dataset
8eca3429-e688-4772-bcb9-5528656f8529,draft,Khyber Pakhtunkhwa,Buner,"Gadezai, Daggar",Pirbaba,Tehsil does not belong to the selected district in built-in dataset
8f42bf92-aa98-482a-9c96-0670c7a78587,draft,Khyber Pakhtunkhwa,Shangla,مارتونگ، پورن,گاؤں دانکول,Tehsil does not belong to the selected district in built-in dataset
8fc9ae69-a44b-4dad-84fb-0d5fa204fa7f,draft,Khyber Pakhtunkhwa,Buner,Gadazai,Kalakhela,Tehsil does not belong to the selected district in built-in dataset
91ae6428-9396-4730-9897-e8fa8b6b20f0,draft,Khyber Pakhtunkhwa,Swat,Matta,Matta,Tehsil does not belong to the selected district in built-in dataset
9235bcb8-42e3-40e5-b5f2-a9088f3b49e1,draft,Sindh,Malir Karachi,landhi,Karachi,Tehsil does not belong to the selected district in built-in dataset
928006a5-7757-4486-97c6-93c834f9b715,draft,Sindh,Sanghar,مٹھو کھوسو,ٹنڈو آدم,Tehsil does not belong to the selected district in built-in dataset
93325a31-e73b-475a-96c5-831cfbf27837,draft,Punjab,Chakwal,Talagang,Tehi,Tehsil does not belong to the selected district in built-in dataset
936e46db-7555-4d0c-80f2-ef9f9448b291,draft,Khyber Pakhtunkhwa,Buner,Gadazai,Pir Baba,Tehsil does not belong to the selected district in built-in dataset
93c8175b-7952-4300-ab68-d065a38bcf0f,reviewer_approved,Khyber Pakhtunkhwa,Buner,"Gadezai, Daggar",salarzai,Tehsil does not belong to the selected district in built-in dataset
95128050-d4e6-474d-a9ad-a1fdeca78202,supervisor_approved,Khyber Pakhtunkhwa,Swat,مٹہ,مٹہ,Tehsil does not belong to the selected district in built-in dataset
960fa3cf-e311-480c-b930-04226f6c2e1c,draft,Punjab,Chakwal,لاوہ,پچنند,Tehsil does not belong to the selected district in built-in dataset
967e4814-fce9-4bb0-94f3-e498d66b4b4c,draft,Gilgit Baltistan,Ghizer,Yasin,Ghakuch,Tehsil does not belong to the selected district in built-in dataset
96815afe-3c90-422e-a1ea-33f5564eac3e,supervisor_approved,Punjab,Chakwal,Talagang,Bhudial,Tehsil does not belong to the selected district in built-in dataset
986dadeb-56b1-4f11-a390-8fff370ebbca,admin_approved,Sindh,East Karachi,Korangi Town,Bilal colony,Tehsil does not belong to the selected district in built-in dataset
9b01bc1c-e975-443e-9396-763fb45ae948,submitted,Sindh,Khairpur,ٹھری میروہ,کوٹائی,Tehsil does not belong to the selected district in built-in dataset
9be121b4-0d76-4a4e-87ee-63344bfe1880,draft,Khyber Pakhtunkhwa,Buner,Gadazai,Pirbaba village bhai kaly,Tehsil does not belong to the selected district in built-in dataset
9fa578fa-f20c-4cb1-a118-a5d4feb5d356,draft,Sindh,Ghotki,ڈہرکی,ڈہرکی,Tehsil does not belong to the selected district in built-in dataset
a02ad574-378f-4ad6-96fc-a9fcb73a2e5b,draft,Khyber Pakhtunkhwa,Buner,Gadezai,Ghazikhane,Tehsil does not belong to the selected district in built-in dataset
a061975d-01c7-446b-bceb-1c8dc238099a,draft,Balochistan,Kachhi,Bhag,بھاگ ناڑی کچھی,Tehsil does not belong to the selected district in built-in dataset
a0b436e0-f371-44b8-a1a7-d66247357089,draft,Punjab,Chakwal,Lawa,Lawa,Tehsil does not belong to the selected district in built-in dataset
a272460e-f855-4044-b1df-f6da21673b75,draft,Khyber Pakhtunkhwa,Buner,Gadezai,Malakpur,Tehsil does not belong to the selected district in built-in dataset
a438c0f5-b81b-42fc-a4aa-8e3049aa1348,admin_approved,Khyber Pakhtunkhwa,Buner,gadezi,salarzai,Tehsil does not belong to the selected district in built-in dataset
a728110d-3ee4-42fd-b260-799571a088b6,draft,Sindh,South Karachi,کراچی,قصبہ,Tehsil does not belong to the selected district in built-in dataset
a8083072-fc7c-4b21-874b-e79034c6618a,draft,Khyber Pakhtunkhwa,Buner,gadezi,Malkpur,Tehsil does not belong to the selected district in built-in dataset
a8469244-b3dd-403a-85ec-9e5bbb0ba769,draft,Khyber Pakhtunkhwa,Buner,Gadezai,Buner,Tehsil does not belong to the selected district in built-in dataset
a9d48cb2-55d9-40aa-b489-701ec38dcbb5,draft,Khyber Pakhtunkhwa,Shangla,مارتونگ، پورن,گاؤں دانکول,Tehsil does not belong to the selected district in built-in dataset
aab71875-c268-4781-8f08-4310f689dd41,needs_correction,Punjab,Chakwal,Talagang,Saghar talagang,Tehsil does not belong to the selected district in built-in dataset
ab6c66a7-e364-40d6-9df9-be657436aa88,draft,Khyber Pakhtunkhwa,Chitral Upper,Torkhow mulkhow,Oweer,Tehsil does not belong to the selected district in built-in dataset
ac3aba6b-d402-4dbf-afac-a5119d504916,draft,Punjab,Chakwal,Talagang,Talagang dhok hum,Tehsil does not belong to the selected district in built-in dataset
aee5a497-98d8-4364-8979-96f591c0f4af,draft,Khyber Pakhtunkhwa,Buner,"Gadezai, Daggar",Pirbaba village kala khela,Tehsil does not belong to the selected district in built-in dataset
af04a3ce-ac91-49ca-9fd9-0d9e853c4c6b,draft,Punjab,Chakwal,Talagang,Saghar talagang,Tehsil does not belong to the selected district in built-in dataset
b05a68e6-8ed4-47f6-ad24-67269d64d965,draft,Khyber Pakhtunkhwa,Buner,Gadezai,Pacha kalay,Tehsil does not belong to the selected district in built-in dataset
b114d514-8021-4f7f-be68-926a8b64b003,draft,Khyber Pakhtunkhwa,Chitral Upper,Torkhow mulkhow,Oweer,Tehsil does not belong to the selected district in built-in dataset
b225f271-1d2f-4ede-a7ee-bbfd321a012a,draft,Khyber Pakhtunkhwa,Buner,Gadezai,Pir Baba,Tehsil does not belong to the selected district in built-in dataset
b30542d4-b7e9-4f72-a958-00824975f515,admin_approved,Sindh,East Karachi,Korangi Town,Sector 8 b,Tehsil does not belong to the selected district in built-in dataset
b6347bb7-bb26-483b-b7fa-9e68294e877e,draft,Sindh,South Karachi,کراچی,لیاری,Tehsil does not belong to the selected district in built-in dataset
b65d0462-34db-4698-8d73-c0fbab84860b,draft,Sindh,Malir Karachi,Malir,Gadap Town,Tehsil does not belong to the selected district in built-in dataset
b6c65897-549a-472e-a404-d1df1f4c20f8,draft,Punjab,Chakwal,Talagang,Tehi,Tehsil does not belong to the selected district in built-in dataset
b6d6ac53-d9e2-45ed-b361-b8aa8a2f6ab0,needs_correction,Khyber Pakhtunkhwa,Buner,"Gadezai, Daggar",salarzi,Tehsil does not belong to the selected district in built-in dataset
b8ffb5a2-e8a5-4877-af88-2207ad6d78f5,draft,Khyber Pakhtunkhwa,Hangu,اپر,Hangu,Tehsil does not belong to the selected district in built-in dataset
b9fcae00-170d-4d32-86d4-d5c8864317df,draft,Khyber Pakhtunkhwa,Buner,Gadezai,Pir Baba Buner,Tehsil does not belong to the selected district in built-in dataset
bbe1b502-5250-4aa4-83c7-34ec4af312aa,draft,Punjab,Chakwal,CHAKWAL,CHAKWAL,Tehsil does not belong to the selected district in built-in dataset
bc713989-6ed7-4544-8d78-b24792ff3bef,admin_approved,Sindh,East Karachi,Korangi Town,Sector 8 b,Tehsil does not belong to the selected district in built-in dataset
bca95bd7-1846-42f1-aaca-99ae2c7db717,draft,Khyber Pakhtunkhwa,Swat,Matta,درشخیلہ,Tehsil does not belong to the selected district in built-in dataset
bf3c8610-c317-4d21-93a0-c13f92293dc8,draft,Punjab,Dera Ghazi Khan,Barang,BARANG,Tehsil does not belong to the selected district in built-in dataset
bf60b362-79f3-46e7-b896-c2c1d84c8778,submitted,Khyber Pakhtunkhwa,Lower Dir,LAL QALA,MANIAL,Tehsil does not belong to the selected district in built-in dataset
c06fab70-7085-4422-b57a-f9b6b3d13e3b,draft,Punjab,Chakwal,Talagang,Rawalpindi,Tehsil does not belong to the selected district in built-in dataset
c0cc40af-5e26-4f46-b83b-88d0f562c38a,draft,Khyber Pakhtunkhwa,Chitral Upper,Mulkhow torkhow,Oweer,Tehsil does not belong to the selected district in built-in dataset
c18c1601-914a-4370-9ae4-089dc6385f4b,needs_correction,Punjab,Chakwal,Talagang,کوٹہڑہ نزد چینجی,Tehsil does not belong to the selected district in built-in dataset
c2532160-1946-4b99-958a-8c4e7841b467,draft,Khyber Pakhtunkhwa,Buner,Gadazai,Pirbaba,Tehsil does not belong to the selected district in built-in dataset
c2797a10-9cba-4c2e-97d9-cb59d1647130,needs_correction,Khyber Pakhtunkhwa,Hangu,اپر,Hangu,Tehsil does not belong to the selected district in built-in dataset
c3b538fc-c7be-43bd-884f-13288053d077,draft,Khyber Pakhtunkhwa,Buner,Gadezai,Ghazikhane,Tehsil does not belong to the selected district in built-in dataset
c3df63bb-daf5-46e6-9ef8-d6a9167da24c,reviewer_approved,Khyber Pakhtunkhwa,Buner,gadezi,salarzai,Tehsil does not belong to the selected district in built-in dataset
c51244dd-8970-4ed9-9298-524e8746ef0d,draft,Punjab,Chakwal,Talagang,Talagang,Tehsil does not belong to the selected district in built-in dataset
c571d38f-f138-49cc-af34-1386f2309da9,needs_correction,Punjab,Chakwal,Talagang,کوٹہڑہ نزد چینجی,Tehsil does not belong to the selected district in built-in dataset
c7c4ff1a-58b3-4a68-aa97-442c16f9d078,submitted,Punjab,Rawalpindi,ٹیکسلا,ٹیکسلا واہ فیکٹری,Tehsil does not belong to the selected district in built-in dataset
c8198dda-bfea-42ac-802a-3e3468bacaee,draft,Sindh,Central Karachi,P. I.B colony,Karachi,Tehsil does not belong to the selected district in built-in dataset
c8e244fc-6364-4b50-b81d-0ac03c7fd9b3,draft,Sindh,Sanghar,مٹھو کھوسو,ٹنڈو آدم,Tehsil does not belong to the selected district in built-in dataset
c9ff11b5-8b70-4b87-980d-36e2553881be,admin_approved,Khyber Pakhtunkhwa,Kohistan Upper,Pattan,سیری,Tehsil does not belong to the selected district in built-in dataset
cb7fc96d-f0b6-4e96-ab0b-edbd53be54c8,draft,Sindh,East Karachi,Korangi Town,Karachi,Tehsil does not belong to the selected district in built-in dataset
cc858686-f7c2-4db3-821a-d478b71d6542,admin_approved,Khyber Pakhtunkhwa,Buner,Gadazai,Sawari,Tehsil does not belong to the selected district in built-in dataset
ccb41606-3ced-4404-a601-68dd3e5dc41c,draft,Khyber Pakhtunkhwa,Chitral Upper,Torkhow mulkhow,Oweer,Tehsil does not belong to the selected district in built-in dataset
ccb684c1-424b-4bef-a7ce-d28bae7286d8,draft,Khyber Pakhtunkhwa,Shangla,مارتونگ، پورن,گاؤں دانکول,Tehsil does not belong to the selected district in built-in dataset
d244f5d9-7d1f-4926-9a2f-75d757f5b68b,admin_approved,Sindh,East Karachi,Korangi Town,Gulzar colony,Tehsil does not belong to the selected district in built-in dataset
d2d17201-9576-45da-9fde-d6977094ecae,draft,Khyber Pakhtunkhwa,Buner,Gadezai,پاچاکلے پیربابا,Tehsil does not belong to the selected district in built-in dataset
d435c1bc-8e33-4bbc-8b86-fa2e4839bc88,draft,Khyber Pakhtunkhwa,Buner,Gadazai,Kala khela po pirbaba buner,Tehsil does not belong to the selected district in built-in dataset
d4ea1798-ef2b-4633-95ec-a78701bd5343,needs_correction,Khyber Pakhtunkhwa,Buner,gadezi,pir baba,Tehsil does not belong to the selected district in built-in dataset
d62b85ec-2db7-43ad-ae58-1d482416c753,draft,Khyber Pakhtunkhwa,Buner,طوطالی,Kankoway,Tehsil does not belong to the selected district in built-in dataset
d6b06ef7-d526-456f-a67e-0bb35e32941a,supervisor_approved,Khyber Pakhtunkhwa,Swat,مٹہ,مٹہ,Tehsil does not belong to the selected district in built-in dataset
d75d5fa8-a318-4d3d-97f1-b8a6b245e031,draft,Punjab,Chakwal,Talagang,Mehmoodwala,Tehsil does not belong to the selected district in built-in dataset
d7b7c8e5-d261-4375-8188-8c23bfd5794b,draft,Punjab,Chakwal,Talagang,Talagang,Tehsil does not belong to the selected district in built-in dataset
d7d2946e-4cac-4022-b640-afc2207cbd23,draft,Sindh,Umer Kot,molha.daro,dhoronarodaro mangnhar paro,Tehsil does not belong to the selected district in built-in dataset
d832a8ca-d3f5-41cf-922b-8a77274874f8,draft,Sindh,South Karachi,Karachi,Karachi,Tehsil does not belong to the selected district in built-in dataset
d8e88508-bf5d-4c15-9780-f67b23dd3828,draft,Khyber Pakhtunkhwa,Buner,گدیزی,پیر بابا,Tehsil does not belong to the selected district in built-in dataset
dac829f5-d001-4951-95ee-2438212dd256,draft,Khyber Pakhtunkhwa,Buner,گدیزی,کنگرگلئ,Tehsil does not belong to the selected district in built-in dataset
dc8ffcac-9fe2-4696-8dc9-e2ffa425349b,draft,Khyber Pakhtunkhwa,Buner,Gadezai,Pirbaba,Tehsil does not belong to the selected district in built-in dataset
ddbbbdb6-808f-46b9-a221-4d617d10b3d6,draft,Khyber Pakhtunkhwa,Buner,Gadezai,Kinger Galay Kalay,Tehsil does not belong to the selected district in built-in dataset
de5884dc-9557-4cf8-89ab-910d55171dcf,needs_correction,Punjab,Chakwal,Lawa,Dhurnal,Tehsil does not belong to the selected district in built-in dataset
e14adf91-3aba-4271-bbd1-cdfec59a64e6,draft,Punjab,Chakwal,Talagang,City,Tehsil does not belong to the selected district in built-in dataset
e28d9ae4-c26f-473b-b4a8-f790f9974085,draft,Khyber Pakhtunkhwa,Buner,Gadazai,Kinger Galay Kalay,Tehsil does not belong to the selected district in built-in dataset
e29a5ed8-b9ec-4de3-81e9-93e034b638e1,draft,Khyber Pakhtunkhwa,Buner,Gadazai,Kala khela po pirbaba buner,Tehsil does not belong to the selected district in built-in dataset
e3f0335c-056b-4d4d-8a05-781c4c654fca,draft,Khyber Pakhtunkhwa,Chitral Upper,Torkhow mulkhow,Oweer,Tehsil does not belong to the selected district in built-in dataset
e44f857a-abf4-472f-b4d5-e0f43a782d7d,needs_correction,Punjab,Chakwal,Talagang,Kotehra near chingi,Tehsil does not belong to the selected district in built-in dataset
e4978c03-8e12-4762-b5a5-254edf896c58,draft,Khyber Pakhtunkhwa,Buner,Gadezai,Pir baba,Tehsil does not belong to the selected district in built-in dataset
e5378cdf-b019-4bdc-a495-414546c0e75b,submitted,Khyber Pakhtunkhwa,D. I. Khan,Karachi,کراچی,Tehsil does not belong to the selected district in built-in dataset
e9c347df-291e-4da5-94e0-86f71a83ea26,admin_approved,Punjab,Chakwal,لاوہ,لاوہ,Tehsil does not belong to the selected district in built-in dataset
eb1a8433-e0a2-4012-bc05-b1b4d3d2320b,draft,Khyber Pakhtunkhwa,Shangla,مارتونگ، پورن,گاؤں دانکول,Tehsil does not belong to the selected district in built-in dataset
eba7be6e-5b1e-41a2-b833-91281c39a73a,draft,Punjab,Chakwal,Talagang,کوٹہڑہ نزد چینجی,Tehsil does not belong to the selected district in built-in dataset
ebb42b40-5d03-404f-b204-43e52f41357f,draft,Sindh,Central Karachi,Korangi Town,کراچی,Tehsil does not belong to the selected district in built-in dataset
ec396fbd-78b7-4cd2-bfeb-090efb7804c5,draft,Khyber Pakhtunkhwa,Buner,Gadazai,Kalabut,Tehsil does not belong to the selected district in built-in dataset
eda1c0b2-8428-40d3-a73d-629e7249177e,draft,Khyber Pakhtunkhwa,Buner,Gadezai,Malkpur,Tehsil does not belong to the selected district in built-in dataset
ee07a39d-1120-484d-afd2-c5f0fa396edb,draft,Sindh,South Karachi,Karachi,Baldia town,Tehsil does not belong to the selected district in built-in dataset
ee9a2982-eb3f-43af-ab05-bab120899501,draft,Sindh,Khairpur,ٹھری میرواھ,گاؤں قائم شاہ,Tehsil does not belong to the selected district in built-in dataset
efa5a4a6-f98a-4856-8956-7d69b4dcbbf1,draft,Khyber Pakhtunkhwa,Buner,Gadazai,Jowar district Buner,Tehsil does not belong to the selected district in built-in dataset
efcd6690-37bf-4497-a7ca-da46ea888b61,draft,Khyber Pakhtunkhwa,Buner,Gadezai,Buner,Tehsil does not belong to the selected district in built-in dataset
f0adabfe-5377-4de4-817b-a747ea274965,draft,Khyber Pakhtunkhwa,Buner,Gadezai,Kinger Galay Kalay,Tehsil does not belong to the selected district in built-in dataset
f2389e76-1eca-4d8b-a93f-91168d570334,draft,Khyber Pakhtunkhwa,Shangla,مارتونگ، پورن,گاؤں دانکول,Tehsil does not belong to the selected district in built-in dataset
f34d0bb8-b0bb-492b-be78-fed63a12d480,needs_correction,Khyber Pakhtunkhwa,Buner,gadezi,salarzai,Tehsil does not belong to the selected district in built-in dataset
f3f03de7-ea3b-4618-a34f-7451e1dced92,draft,Khyber Pakhtunkhwa,Buner,Gadezai,Pirbaba village kala khela,Tehsil does not belong to the selected district in built-in dataset
f4137007-27cc-40c5-94be-ff01f6e07c8c,admin_approved,Sindh,East Karachi,Korangi Town,Sector 8 b,Tehsil does not belong to the selected district in built-in dataset
f48341b6-2790-4cf5-b8f8-f213adc2aa51,draft,Sindh,West Karachi,کراچی,سائٹ ایریا,Tehsil does not belong to the selected district in built-in dataset
f4c27ae4-1b70-4e7a-be61-943d57d4a5b5,rejected,Sindh,Central Karachi,Gulshan Iqbal,Gulshan Town,Tehsil does not belong to the selected district in built-in dataset
f6e99fbc-f0cb-4034-936f-6f15eef42435,draft,Khyber Pakhtunkhwa,Buner,Gadezai,Buner,Tehsil does not belong to the selected district in built-in dataset
f779b1ce-2bdc-46fc-ba61-bac17820a727,draft,Punjab,Chakwal,Talagang,Mehmoodwala,Tehsil does not belong to the selected district in built-in dataset
f8d6192d-3d3e-46e4-8ba3-bc492f289042,draft,Sindh,Kambar Shahdad Kot,قمبر,گوٹھ,Tehsil does not belong to the selected district in built-in dataset
f9114b88-aad4-49d3-94ff-eec1ce01bf58,rejected,Sindh,Central Karachi,Gulshan Iqbal,Gulshan Town,Tehsil does not belong to the selected district in built-in dataset
f96b0404-b74a-4782-91c1-e6eb452524e3,draft,Sindh,Malir Karachi,East,Landhi Town,Tehsil does not belong to the selected district in built-in dataset
f9e24d60-0eba-4f3a-ac57-b0c659cef046,draft,Sindh,Korangi Karachi,Shah Faisal town,Karachi,Tehsil does not belong to the selected district in built-in dataset
fa102eeb-db7e-4f85-b88c-c4d785c2ff7c,admin_approved,Sindh,East Karachi,Korangi Town,Bilal colony,Tehsil does not belong to the selected district in built-in dataset
faaec878-ebef-4012-a88a-03d7af673d82,needs_correction,Khyber Pakhtunkhwa,Buner,Gadezai,pir baba,Tehsil does not belong to the selected district in built-in dataset
fccfed20-1da7-4bea-b7c5-f6341790aee2,draft,Khyber Pakhtunkhwa,Buner,Gadezai,Pir Baba,Tehsil does not belong to the selected district in built-in dataset
fcd4a8c5-297a-4568-8606-3e5dc06848eb,needs_correction,Sindh,South Karachi,Karachi,سائٹ ایریا,Tehsil does not belong to the selected district in built-in dataset
fd766fc4-ced4-4268-9f04-9a042ae68c71,draft,Sindh,Kambar Shahdad Kot,قمبر,گوٹھ,Tehsil does not belong to the selected district in built-in dataset
fe8e116b-ccc2-4bbf-a606-a8c34943fed5,needs_correction,Sindh,South Karachi,Karachi,سائٹ ایریا,Tehsil does not belong to the selected district in built-in dataset
ff6c1568-e4d7-4884-a1ef-3e20f66d0d34,draft,Khyber Pakhtunkhwa,Buner,Gadezai,Pir Baba,Tehsil does not belong to the selected district in built-in dataset
ff8c5667-084c-4e44-9b03-20db69d8e370,draft,Punjab,Mianwali,mianwali,Sarwar khail chidru,Tehsil does not belong to the selected district in built-in dataset